CASILLA,PAN,PRI,PRD,PVEM,PT,MC,MORENA,PES,RSP,FXM,PT-MORENA,"VOTOS
 NULOS",CANDIDATOS NO REGISTRADOS
1304 BASICA 1,159,7,1,5,4,6,160,2,2,2,0,2,0
1304 CONTIGUA 1,165,6,1,1,10,7,134,0,7,2,1,10,0
1304 CONTIGUA 2,152,4,3,9,11,5,127,5,3,4,0,11,0
1304 CONTIGUA 3,141,9,4,5,10,8,130,7,4,0,1,3,0
1304 CONTIGUA 4,160,10,1,7,7,3,109,6,1,1,2,8,0
1304 EXTRAORDINARIA 1,152,9,1,1,0,10,0,1,3,3,124,6,0
1304 EXTRAORDINARIA 1 C1,142,2,2,3,4,2,113,1,3,1,6,5,0
1304 EXTRAORDINARIA 1 C2,145,6,2,4,4,5,111,3,3,2,2,3,3
1305 BASICA 1,216,9,2,5,7,6,176,7,5,0,3,8,
1305 CONTIGUA 1,194,5,2,3,5,6,180,3,6,1,2,5,0
1306 BASICA 1,143,5,1,0,1,7,129,2,4,3,1,5,0
1306 CONTIGUA 1,112,5,2,3,4,11,133,7,1,1,2,4,0
1307 BASICA 1,196,13,3,8,6,13,133,6,6,1,,4,
1307 CONTIGUA 1,168,13,0,6,2,10,138,5,2,1,2,2,0
1308 BASICA 1,191,3,6,2,5,7,168,3,7,1,1,4,1
1308 CONTIGUA 1,215,3,4,1,4,0,150,5,5,3,3,12,0
1309 BASICA 1,130,5,2,1,0,5,110,3,2,0,4,4,0
1309 CONTIGUA 1,114,3,0,0,5,9,121,2,2,1,2,7,0
1309 CONTIGUA 2,127,4,0,2,3,9,102,5,5,2,0,5,0
1310 BASICA 1,190,8,0,6,7,17,133,15,2,2,0,5,0
1310 CONTIGUA 1,161,8,2,2,1,20,133,7,1,2,3,5,0
1310 CONTIGUA 2,182,6,0,4,2,14,155,7,7,2,4,13,0
1311 BASICA 1,156,12,1,2,1,11,149,3,4,5,2,8,0
1311 CONTIGUA 1,144,6,4,3,5,14,162,9,3,1,2,9,0
1312 BASICA 1,115,6,1,2,1,6,108,7,7,0,1,7,0
1312 CONTIGUA 1,117,9,2,5,1,4,107,7,8,3,,5,
1312 ESPECIAL 1,41,2,0,1,0,3,39,1,1,1,0,0,1
1313 BASICA 1,139,12,1,3,6,8,150,8,4,3,0,7,1
1313 CONTIGUA 1,178,9,4,4,5,8,149,3,3,5,0,5,1
1314 BASICA 1,160,5,0,5,9,6,148,3,4,1,2,0,0
1314 CONTIGUA 1,194,4,1,2,5,6,139,5,5,2,4,2,0
1314 CONTIGUA 2,203,4,0,3,5,6,134,9,3,1,1,5,0
1314 CONTIGUA 3,183,5,2,3,7,6,155,1,8,1,2,8,0
1314 CONTIGUA 4,175,4,0,2,9,8,157,2,6,1,0,5,0
1314 EXTRAORDINARIA 1,136,5,3,1,7,7,135,1,5,2,5,9,0
1314 EXTRAORDINARIA 1 C1,139,5,4,2,11,7,151,2,1,1,0,5,0
1315 BASICA 1,160,4,1,6,14,3,167,2,2,2,3,3,0
1315 CONTIGUA 1,169,4,1,1,3,5,156,3,10,3,2,4,0
1316 BASICA 1,170,3,2,1,3,9,121,1,3,3,1,3,1
1316 CONTIGUA 1,176,8,1,6,2,7,140,10,1,0,3,2,3
1317 BASICA 1,170,6,3,5,4,13,179,4,4,3,1,7,0
1317 CONTIGUA 1,212,10,3,1,5,16,168,2,3,2,0,8,1
1318 BASICA 1,172,0,6,1,7,15,157,8,3,1,1,5,0
1318 CONTIGUA 1,189,10,8,6,12,9,166,2,3,1,1,6,1
1318 CONTIGUA 2,198,2,4,3,6,11,173,4,2,0,1,3,0
1319 BASICA 1,166,10,2,8,7,2,202,7,3,2,4,7,0
1319 CONTIGUA 1,171,6,4,3,12,8,149,5,0,1,0,6,0
1320 BASICA 1,132,4,0,4,9,14,194,5,2,2,0,15,0
1320 CONTIGUA 1,165,6,0,3,8,6,167,6,1,3,5,7,0
1321 BASICA 1,157,8,1,4,5,6,118,3,4,1,0,13,0
1321 CONTIGUA 1,144,3,1,2,5,13,137,6,1,1,2,3,1
1322 BASICA 1,127,14,2,5,14,11,129,15,4,4,0,2,0
1322 CONTIGUA 1,159,15,1,0,7,9,148,15,6,1,1,7,0
1323 BASICA 1,173,5,1,5,6,12,121,12,10,2,4,4,0
1323 CONTIGUA 1,195,3,1,3,13,12,115,8,5,3,1,6,0
1323 CONTIGUA 2,200,7,2,1,5,6,115,13,12,4,1,5,0
1324 BASICA 1,171,10,0,7,4,10,161,11,4,2,1,10,1
1324 CONTIGUA 1,175,9,3,2,7,7,144,8,4,6,0,9,0
1325 BASICA 1,176,7,1,2,7,6,118,12,6,0,0,8,0
1325 CONTIGUA 1,149,10,1,1,6,5,121,12,3,0,2,6,1
1325 CONTIGUA 2,157,5,1,4,4,11,101,9,4,3,2,7,0
1326 BASICA 1,137,10,4,2,3,8,172,18,2,3,1,1,0
1326 CONTIGUA 1,172,9,0,8,2,7,139,4,4,3,3,6,1
1326 CONTIGUA 2,157,6,1,3,5,5,157,9,8,0,1,8,0
1327 BASICA 1,118,8,0,3,3,1,145,11,4,2,0,4,3
1327 CONTIGUA 1,135,8,4,3,4,1,133,3,2,0,2,9,0
1327 CONTIGUA 2,145,4,3,4,5,6,121,1,1,3,1,9,0
1328 BASICA 1,146,8,4,3,3,10,116,1,3,1,2,2,0
1328 CONTIGUA 1,153,14,1,5,6,4,127,4,6,0,2,4,1
1328 CONTIGUA 2,145,12,3,8,7,4,122,2,4,2,3,5,0
1329 BASICA 1,194,5,1,6,4,7,159,2,10,3,5,4,0
1329 CONTIGUA 1,204,12,3,4,3,13,160,6,7,1,2,4,0
1329 CONTIGUA 2,192,8,2,10,12,26,154,4,4,4,6,5,0
1330 BASICA 1,197,7,0,1,5,1,146,3,8,1,4,3,0
1330 CONTIGUA 1,212,6,2,2,6,4,136,4,4,1,1,3,0
1330 CONTIGUA 2,200,11,2,3,7,7,133,1,7,1,0,9,0
1330 CONTIGUA 3,185,6,6,3,0,7,149,7,7,2,1,2,0
1330 CONTIGUA 4,182,4,1,2,5,8,152,1,7,3,4,7,0
1331 BASICA 1,164,8,1,1,5,5,135,3,4,2,2,5,0
1331 CONTIGUA 1,179,4,2,1,5,7,108,1,4,4,0,6,1
1331 CONTIGUA 2,174,9,1,1,3,9,107,2,5,2,4,8,0
1332 BASICA 1,184,8,1,4,6,9,174,1,4,2,0,11,0
1332 CONTIGUA 1,212,11,4,1,6,10,150,7,4,1,2,10,0
1333 BASICA 1,186,6,0,6,5,8,146,6,7,2,7,3,0
1333 CONTIGUA 1,193,6,1,5,4,11,144,7,5,0,6,9,1
1333 CONTIGUA 2,176,7,0,4,3,10,147,3,4,1,0,7,0
1334 BASICA 1,158,7,0,2,5,5,179,3,11,4,1,6,0
1334 CONTIGUA 1,178,5,2,3,5,4,165,4,5,1,2,6,0
1334 CONTIGUA 2,137,5,1,5,5,4,178,4,2,3,0,12,0
1335 BASICA 1,150,6,4,2,8,7,137,9,4,5,3,4,0
1335 CONTIGUA 1,144,14,3,0,4,2,150,2,2,1,4,8,0
1336 BASICA 1,139,8,1,4,7,5,137,8,6,1,0,5,0
1336 CONTIGUA 1,161,5,2,4,6,7,140,6,4,3,1,5,0
1336 CONTIGUA 2,143,8,1,1,3,6,153,1,4,2,0,5,0
1336 CONTIGUA 3,168,5,1,0,12,9,132,4,3,3,0,8,0
1337 BASICA 1,151,3,3,3,4,12,137,12,6,1,1,10,0
1337 CONTIGUA 1,161,7,3,1,4,9,169,4,1,1,0,5,0
1337 CONTIGUA 2,153,1,3,0,4,6,146,9,5,1,3,3,1
1338 BASICA 1,130,4,1,2,2,9,128,5,6,2,3,6,0
1338 CONTIGUA 1,110,8,3,1,9,7,127,7,9,1,0,6,0
1338 CONTIGUA 2,102,3,3,1,7,11,143,12,4,3,4,4,1
1339 BASICA 1,134,18,1,1,3,5,154,11,6,1,1,9,0
1339 CONTIGUA 1,151,13,1,1,6,7,131,5,5,1,2,9,0
1340 BASICA 1,148,9,2,2,4,6,148,5,3,5,2,10,0
1340 CONTIGUA 1,123,5,1,2,9,11,157,3,1,1,0,4,0
1340 CONTIGUA 2,139,10,3,2,5,8,157,6,4,3,0,5,0
1341 BASICA 1,175,4,4,3,11,7,145,5,9,3,1,2,0
1341 CONTIGUA 1,189,3,2,3,3,9,160,6,5,1,0,5,0
1342 BASICA 1,184,7,4,5,2,11,140,3,1,2,0,2,0
1342 CONTIGUA 1,178,5,1,2,4,12,149,4,5,2,0,8,0
1343 BASICA 1,120,6,3,0,1,6,104,2,1,2,0,4,0
1343 CONTIGUA 1,117,1,0,1,3,3,106,1,3,1,1,0,0
1344 BASICA 1,171,4,1,3,3,8,135,3,5,0,2,6,0
1344 CONTIGUA 1,188,5,2,1,5,3,124,5,10,0,1,1,4
1344 CONTIGUA 2,165,2,2,1,6,8,147,3,7,0,0,12,2
1345 BASICA 1,174,7,3,3,7,12,137,2,14,2,5,9,2
1345 CONTIGUA 1,173,7,2,2,15,7,153,4,8,0,1,7,4
1345 CONTIGUA 2,155,10,0,2,6,3,150,4,5,1,1,3,5
1346 BASICA 1,196,5,2,0,3,9,108,5,6,4,0,3,0
1346 CONTIGUA 1,189,6,0,1,20,3,132,2,5,2,0,5,0
1347 BASICA 1,187,8,0,2,2,9,128,5,6,5,4,5,0
1347 CONTIGUA 1,191,7,3,6,4,7,133,2,3,2,4,6,1
1347 CONTIGUA 2,166,7,2,3,1,7,149,5,8,3,2,3,0
1347 CONTIGUA 3,161,8,5,1,3,8,145,5,7,2,2,7,1
1347 CONTIGUA 4,182,6,3,0,4,10,130,6,6,2,0,8,0
1347 CONTIGUA 5,166,8,1,3,6,9,137,5,8,2,2,6,1
1348 BASICA 1,166,6,3,3,4,3,141,8,10,7,0,4,0
1348 CONTIGUA 1,160,10,2,4,4,12,139,8,1,3,1,5,0
1348 CONTIGUA 2,136,4,4,3,4,7,129,4,6,3,2,6,1
1349 BASICA 1,179,11,2,5,4,1,111,4,12,0,1,4,0
1349 CONTIGUA 1,155,8,1,2,9,7,111,3,7,4,1,12,0
1349 CONTIGUA 2,163,10,3,2,4,3,118,3,1,5,2,9,2
1350 BASICA 1,167,11,2,6,6,9,161,0,10,3,1,6,0
1350 CONTIGUA 1,187,18,0,3,7,13,155,4,6,1,1,1,0
1350 CONTIGUA 2,207,13,0,4,6,16,151,3,15,2,0,1,0
1350 CONTIGUA 3,177,6,2,4,9,10,180,4,12,3,5,4,0
1350 CONTIGUA 4,181,9,0,3,6,12,154,4,4,1,2,5,0
1351 BASICA 1,190,11,1,1,2,7,100,4,7,2,0,4,0
1351 CONTIGUA 1,177,12,1,3,5,4,88,2,7,0,2,4,0
1351 CONTIGUA 2,192,7,3,1,8,6,105,0,8,3,0,3,0
1351 ESPECIAL 1,32,1,0,1,1,2,13,0,1,0,0,0,0
1351 EXTRAORDINARIA 1,127,6,1,1,5,4,83,1,1,2,0,3,0
1351 EXTRAORDINARIA 1 C1,132,1,0,2,3,5,72,2,5,1,0,4,0
1352 BASICA 1,158,6,1,1,8,7,181,3,6,0,4,7,1
1352 CONTIGUA 1,179,11,2,1,12,9,186,8,6,2,2,9,0
1353 BASICA 1,148,8,1,3,7,10,121,1,3,1,2,8,2
1353 CONTIGUA 1,122,6,2,4,7,8,133,3,3,3,3,6,1
1354 BASICA 1,152,10,2,3,8,10,155,3,1,8,2,5,0
1354 CONTIGUA 1,186,5,2,3,8,0,155,4,7,1,1,3,0
1354 CONTIGUA 2,144,6,3,5,6,6,136,3,7,3,1,3,0
1355 BASICA 1,161,5,0,2,7,11,113,2,2,2,4,7,0
1355 CONTIGUA 1,137,3,1,2,10,6,129,3,3,0,1,7,2
1356 BASICA 1,186,5,1,0,9,6,153,10,1,0,7,8,0
1356 CONTIGUA 1,196,4,1,2,4,5,164,6,3,4,3,3,0
1358 BASICA 1,157,6,2,1,4,6,150,5,7,0,4,9,1
1358 CONTIGUA 1,199,9,1,3,6,6,136,5,7,2,5,6,0
1358 CONTIGUA 2,157,5,0,1,0,7,157,1,10,1,2,7,7
1358 CONTIGUA 3,189,7,2,4,17,7,138,2,15,0,7,9,3
1359 BASICA 1,209,10,4,5,1,5,98,1,12,1,1,5,0
1359 CONTIGUA 1,199,5,2,2,3,5,128,1,19,1,3,5,0
1359 CONTIGUA 2,208,2,3,5,5,5,123,5,22,1,2,8,1
1359 CONTIGUA 3,200,8,1,2,9,4,114,6,18,0,1,2,0
1359 CONTIGUA 4,204,7,1,3,5,5,124,3,24,0,3,5,0
1359 CONTIGUA 5,198,7,2,1,7,6,107,2,15,1,1,2,0
1359 CONTIGUA 6,196,7,1,3,3,5,127,5,18,3,0,7,0
1359 CONTIGUA 7,200,4,1,0,7,6,141,3,19,3,2,5,0
1359 CONTIGUA 8,200,5,3,4,6,5,130,1,17,1,0,3,3
1359 CONTIGUA 9,225,6,2,1,3,7,110,2,11,2,1,4,0
1360 BASICA 1,229,10,3,6,6,7,122,5,19,6,1,7,0
1360 CONTIGUA 1,258,8,0,3,10,12,144,2,29,3,7,7,1
1360 CONTIGUA 2,203,6,0,3,10,6,143,7,11,5,3,6,3
1360 CONTIGUA 3,235,3,1,0,6,6,126,7,17,2,4,8,1
1360 CONTIGUA 4,229,9,0,6,1,9,113,1,21,2,3,12,0
1361 BASICA 1,152,4,4,2,8,12,104,4,13,3,5,1,0
1361 CONTIGUA 1,152,3,2,1,2,4,133,4,12,0,2,4,0
1362 BASICA 1,195,8,4,4,8,9,128,3,12,1,2,7,0
1362 CONTIGUA 1,188,9,1,2,10,11,130,0,11,2,2,6,
1362 CONTIGUA 2,211,7,2,5,9,18,112,5,11,3,2,3,0
1362 CONTIGUA 3,210,9,1,3,6,25,139,0,5,3,4,3,0
1363 BASICA 1,145,6,2,2,13,3,130,1,5,0,0,2,1
1363 CONTIGUA 1,144,12,2,2,2,7,117,2,15,0,4,4,0
1364 BASICA 1,139,9,1,1,2,2,112,2,24,0,0,5,0
1364 CONTIGUA 1,147,3,7,2,5,2,117,3,31,3,1,1,0
1365 BASICA 1,128,2,0,3,7,2,95,4,27,2,0,3,0
1365 CONTIGUA 1,135,11,0,1,7,5,92,4,19,1,2,5,0
1365 CONTIGUA 2,113,8,0,1,5,5,106,3,30,0,0,5,1
1366 BASICA 1,145,4,1,7,0,6,118,3,19,1,0,7,0
1366 CONTIGUA 1,145,5,4,2,3,2,106,2,20,0,1,10,0
1367 BASICA 1,179,8,0,6,5,4,142,3,10,1,3,3,0
1367 CONTIGUA 1,188,9,0,3,2,4,148,3,21,2,0,4,0
1368 BASICA 1,182,8,1,9,5,11,124,8,8,3,0,3,0
1368 CONTIGUA 1,169,6,1,10,7,9,162,4,14,4,1,5,0
1369 BASICA 1,150,3,3,7,1,5,99,4,3,2,3,3,0
1369 CONTIGUA 1,125,7,0,4,5,10,117,2,4,1,0,3,0
1370 BASICA 1,148,8,3,4,2,4,97,1,15,2,4,4,1
1370 CONTIGUA 1,142,3,5,5,1,1,99,2,10,2,0,5,0
1371 BASICA 1,151,6,2,2,7,9,142,3,27,4,0,5,0
1371 CONTIGUA 1,142,5,0,2,7,10,160,0,32,0,1,6,1
1372 BASICA 1,157,9,2,1,3,7,131,3,10,1,0,4,0
1372 CONTIGUA 1,161,12,5,5,2,10,115,3,9,1,0,11,0
1373 BASICA 1,160,10,1,4,4,7,116,3,4,3,0,3,0
1374 BASICA 1,131,7,1,5,11,7,135,4,7,1,3,5,0
1375 BASICA 1,179,7,0,1,3,7,151,7,9,1,4,10,0
1376 BASICA 1,396,13,0,1,2,5,56,0,3,0,0,1,0
1376 CONTIGUA 1,378,9,1,0,3,4,71,1,4,0,1,2,0
1376 CONTIGUA 2,395,14,0,1,3,1,59,0,1,0,0,2,0
1377 BASICA 1,166,9,4,1,4,8,106,5,3,2,3,4,1
1377 CONTIGUA 1,162,4,3,0,0,4,4,108,3,7,1,3,4
1377 CONTIGUA 2,154,7,1,4,1,6,103,5,4,2,1,3,0
1378 BASICA 1,196,12,2,3,2,13,117,5,3,7,0,5,0
1378 CONTIGUA 1,201,10,2,13,5,1,133,4,3,1,1,3,0
1378 CONTIGUA 2,187,8,3,2,8,5,134,2,3,5,6,5,0
1379 BASICA 1,165,2,0,1,6,4,163,2,32,1,3,5,0
1379 CONTIGUA 1,155,0,0,4,2,2,141,2,23,1,0,2,0
1380 BASICA 1,189,4,0,1,4,7,122,3,39,1,1,0,0
1380 CONTIGUA 1,171,7,1,0,3,7,155,0,48,0,0,7,0
1380 CONTIGUA 2,193,3,1,3,4,9,120,1,37,0,2,7,0
1380 CONTIGUA 3,177,3,2,4,5,2,144,2,34,1,1,10,0
1380 CONTIGUA 4,176,4,2,3,9,10,133,4,43,1,0,13,0
1381 BASICA 1,184,6,1,3,4,3,97,0,15,1,2,2,0
1381 CONTIGUA 1,197,4,2,2,7,1,88,0,9,1,3,3,0
1382 BASICA 1,207,97,0,2,1,9,2,105,2,10,0,8,0
1382 CONTIGUA 1,113,7,0,9,5,5,92,3,4,0,0,0,0
1383 BASICA 1,117,2,1,2,5,5,104,2,5,1,1,2,0
1383 CONTIGUA 1,118,4,1,1,3,4,125,4,12,1,3,6,0
1384 BASICA 1,116,5,1,2,5,6,89,2,10,0,3,0,1
1384 CONTIGUA 1,112,4,1,2,5,6,100,4,4,0,2,6,0
1385 BASICA 1,201,9,0,0,9,12,113,1,11,0,3,6,1
1385 CONTIGUA 1,178,8,3,3,3,9,138,3,10,0,4,6,1
1386 BASICA 1,162,9,1,2,6,3,116,3,4,2,0,5,1
1386 CONTIGUA 1,134,7,0,4,6,4,124,3,5,1,4,6,1
1387 BASICA 1,343,12,2,4,4,1,77,0,3,1,0,2,1
1387 CONTIGUA 1,334,14,2,2,5,3,52,2,6,0,1,7,0
1387 CONTIGUA 2,337,17,3,5,0,6,69,0,12,1,0,2,0
1387 CONTIGUA 3,307,7,2,2,2,0,71,2,7,3,2,4,0
1388 BASICA 1,270,7,4,2,7,7,104,8,5,3,3,3,0
1388 CONTIGUA 1,287,4,3,2,1,13,105,2,4,3,2,5,2
1389 BASICA 1,274,7,0,7,1,1,38,0,4,0,0,4,0
1389 CONTIGUA 1,266,7,1,1,5,1,39,1,1,0,1,1,0
1390 BASICA 1,247,5,2,1,4,1,34,2,1,0,0,2,0
1390 CONTIGUA 1,260,5,2,1,1,2,28,0,5,0,0,2,0
1391 BASICA 1,404,10,1,2,2,1,46,1,0,0,1,3,1
1391 CONTIGUA 1,382,12,3,2,2,7,44,0,0,0,2,3,0
1392 BASICA 1,316,7,2,5,3,4,66,51,3,2,0,2,1
1392 CONTIGUA 1,278,11,4,3,2,3,74,8,2,2,1,3,0
1392 CONTIGUA 2,307,7,3,0,3,7,73,0,0,0,1,2,0
1393 BASICA 1,254,12,2,4,0,5,90,0,1,0,1,2,0
1393 CONTIGUA 1,233,13,3,2,5,1,88,2,2,3,0,1,0
1393 CONTIGUA 2,242,12,0,0,4,8,107,7,1,2,0,3,0
1394 BASICA 1,211,3,0,6,3,8,91,1,2,1,3,5,0
1394 CONTIGUA 1,225,5,3,2,4,2,88,3,0,1,1,4,0
1394 CONTIGUA 2,218,8,2,0,7,4,90,5,1,2,0,6,0
1395 BASICA 1,392,10,0,4,2,2,81,5,1,0,0,1,0
1396 BASICA 1,270,8,3,1,0,3,37,0,0,0,0,3,0
1396 CONTIGUA 1,269,12,4,0,3,1,30,3,0,0,0,2,0
1397 BASICA 1,269,5,3,1,1,1,46,1,0,2,0,2,0
1397 CONTIGUA 1,239,9,1,0,1,0,56,0,0,0,0,5,0
1398 BASICA 1,406,13,5,4,1,2,36,0,0,0,2,2,1
1399 BASICA 1,322,15,2,4,3,2,81,3,7,3,0,3,0
1400 BASICA 1,250,8,3,3,2,2,48,2,0,1,2,1,0
1400 CONTIGUA 1,256,9,1,0,2,1,49,3,1,0,3,2,0
1401 BASICA 1,263,17,3,4,5,3,126,7,5,2,2,5,0
1401 CONTIGUA 1,221,13,3,7,3,8,161,6,6,1,1,5,0
1401 ESPECIAL 1,32,1,0,0,2,5,18,0,1,0,2,0,0
1402 BASICA 1,266,5,0,2,4,4,103,5,4,3,0,3,0
1402 CONTIGUA 1,265,12,1,1,2,2,113,4,0,7,0,5,0
1403 BASICA 1,245,6,0,1,2,7,48,0,4,0,0,0,0
1403 CONTIGUA 1,241,8,2,2,3,5,53,1,0,0,3,8,0
1404 BASICA 1,161,6,0,1,3,3,100,1,0,0,1,2,0
1404 CONTIGUA 1,155,8,1,2,1,8,78,1,4,1,1,1,0
1405 BASICA 1,124,9,3,1,2,4,87,1,2,2,1,4,0
1405 CONTIGUA 1,147,6,0,0,2,4,76,3,2,0,1,7,0
1406 BASICA 1,158,5,1,0,4,6,87,3,3,2,2,8,0
1406 CONTIGUA 1,141,7,3,2,3,7,102,1,3,0,4,3,0
1407 BASICA 1,244,5,4,3,2,13,140,1,3,0,2,8,1
1408 BASICA 1,235,15,0,1,4,2,91,6,1,0,1,2,0
1408 CONTIGUA 1,232,12,1,0,1,3,88,1,4,0,1,6,0
1409 BASICA 1,202,7,1,3,4,6,99,1,2,1,2,6,0
1409 CONTIGUA 1,204,9,3,0,3,6,89,3,3,1,2,6,0
1410 BASICA 1,239,9,2,2,3,4,98,6,2,1,1,4,0
1410 CONTIGUA 1,223,6,1,6,4,5,93,3,1,0,1,7,0
1411 BASICA 1,135,9,2,4,5,4,82,5,4,0,1,2,0
1411 CONTIGUA 1,132,6,1,5,4,3,96,2,6,1,2,3,0
1412 BASICA 1,115,7,2,2,1,4,89,2,4,1,1,0,0
1412 CONTIGUA 1,121,3,0,1,2,1,85,2,8,2,0,3,0
1413 BASICA 1,177,12,4,5,6,5,147,9,3,0,3,3,0
1413 CONTIGUA 1,200,4,0,3,4,4,144,5,1,2,3,4,0
1414 BASICA 1,143,8,3,4,6,8,144,6,4,1,2,5,0
1414 CONTIGUA 1,143,10,0,4,3,4,130,0,1,1,1,5,1
1415 BASICA 1,172,3,1,2,6,2,90,0,0,3,5,3,1
1415 CONTIGUA 1,155,6,0,1,4,4,99,4,7,2,1,5,0
1416 BASICA 1,199,13,2,6,3,7,110,2,1,1,2,4,0
1416 CONTIGUA 1,199,10,4,2,2,7,105,1,4,1,0,6,0
1417 BASICA 1,236,10,2,5,8,5,125,5,12,1,3,9,1
1417 CONTIGUA 1,227,10,1,3,5,7,155,5,12,2,2,10,0
1418 BASICA 1,144,1,0,2,2,4,133,11,2,1,2,5,1
1418 CONTIGUA 1,124,7,1,2,2,5,156,5,2,2,2,2,0
1419 BASICA 1,226,5,0,5,4,3,134,2,4,3,0,8,0
1419 CONTIGUA 1,219,4,2,1,1,9,132,3,2,0,1,3,0
1420 BASICA 1,262,2,0,5,6,5,65,2,0,0,1,4,0
1420 CONTIGUA 1,254,6,2,2,7,2,53,1,0,1,7,6,0
1421 BASICA 1,300,6,0,1,14,4,73,5,2,2,,5,0
1421 CONTIGUA 1,285,11,2,1,6,2,104,2,2,1,1,6,0
1422 BASICA 1,137,6,4,3,2,3,76,3,4,1,1,9,0
1422 CONTIGUA 1,139,7,0,0,2,7,92,1,5,1,0,6,0
1423 BASICA 1,167,5,0,0,2,2,84,2,0,0,1,6,1
1423 CONTIGUA 1,171,4,1,1,2,3,77,1,1,3,3,1,1
1424 BASICA 1,141,4,3,25,9,6,134,1,12,0,4,11,0
1424 CONTIGUA 1,176,7,1,20,5,8,122,2,11,1,2,8,2
1425 BASICA 1,140,8,1,1,3,5,73,3,2,0,1,3,0
1425 CONTIGUA 1,124,3,1,2,3,4,70,1,0,1,1,5,1
1426 BASICA 1,185,6,1,4,4,9,117,1,3,1,0,5,0
1426 CONTIGUA 1,208,14,1,2,3,6,102,2,8,1,1,3,0
1427 BASICA 1,163,5,2,1,10,4,200,3,9,1,3,9,0
1427 CONTIGUA 1,187,2,3,4,4,6,185,3,5,3,0,9,0
1427 CONTIGUA 2,154,4,0,2,13,8,187,0,2,0,0,12,0
1427 CONTIGUA 3,144,2,2,2,7,5,213,5,1,1,4,6,0
1428 BASICA 1,220,6,0,2,11,2,164,5,3,2,1,18,0
1428 CONTIGUA 1,266,0,1,1,12,7,115,8,7,0,5,10,0
1429 BASICA 1,206,4,2,5,1,2,61,2,3,0,1,1,1
1429 CONTIGUA 1,189,8,2,1,3,2,59,1,0,0,1,3,0
1430 BASICA 1,190,6,0,0,5,11,128,2,2,3,2,1,1
1431 BASICA 1,234,8,2,2,8,3,114,0,1,2,2,6,0
1432 BASICA 1,97,3,3,2,5,7,144,3,2,1,0,2,0
1432 CONTIGUA 1,128,4,1,0,4,5,116,3,2,0,1,5,0
1432 CONTIGUA 2,128,7,3,3,7,3,119,0,5,2,2,7,0
1433 BASICA 1,230,6,1,1,5,6,119,1,8,2,0,5,0
1434 BASICA 1,147,1,0,3,4,2,102,3,4,1,0,2,0
1434 CONTIGUA 1,144,3,1,1,4,2,109,1,2,1,1,4,0
1435 BASICA 1,93,3,2,4,7,9,119,1,1,0,2,4,0
1435 CONTIGUA 1,107,6,0,0,0,5,113,2,3,2,3,3,0
1436 BASICA 1,130,4,2,4,3,2,107,6,1,0,1,3,0
1436 CONTIGUA 1,110,4,0,2,5,2,99,5,4,0,1,2,0
1437 BASICA 1,176,6,0,7,1,8,91,4,2,1,2,3,0
1437 CONTIGUA 1,192,9,1,6,3,7,114,2,8,1,0,5,0
1438 BASICA 1,112,2,3,1,5,1,126,2,3,2,3,3,0
1439 BASICA 1,120,5,0,2,3,7,100,5,3,0,0,2,0
1439 CONTIGUA 1,152,5,1,5,5,3,116,3,2,0,3,4,0
1440 BASICA 1,142,6,1,2,7,4,91,1,4,1,2,5,0
1440 CONTIGUA 1,157,7,1,1,1,6,78,3,1,2,0,2,0
1441 BASICA 1,174,2,2,2,17,7,161,1,3,1,4,2,0
1441 CONTIGUA 1,175,3,2,0,16,4,139,3,2,1,6,3,0
1441 CONTIGUA 2,183,3,2,1,8,10,152,4,1,1,5,3,0
1442 BASICA 1,140,2,2,3,13,3,154,2,1,2,3,5,0
1442 CONTIGUA 1,169,4,2,3,9,6,137,3,1,4,2,10,1
1442 CONTIGUA 2,143,5,1,3,11,6,147,1,1,1,3,4,2
1442 CONTIGUA 3,120,7,2,1,13,9,190,1,0,1,1,9,0
1443 BASICA 1,143,7,1,3,6,6,116,1,2,2,2,4,0
1443 CONTIGUA 1,161,2,2,3,5,3,103,2,1,4,1,3,0
1444 BASICA 1,161,7,3,4,7,5,127,1,6,0,0,9,1
1444 CONTIGUA 1,163,6,3,3,4,10,122,3,4,1,2,2,0
1445 BASICA 1,125,6,0,1,4,4,91,3,1,4,5,4,1
1445 CONTIGUA 1,122,6,0,1,3,10,99,2,1,1,0,4,1
1446 BASICA 1,122,4,5,3,8,4,94,3,2,0,0,2,0
1446 CONTIGUA 1,140,12,7,4,2,1,79,2,1,0,2,0,1
1447 BASICA 1,145,6,1,2,2,4,125,4,4,2,5,7,0
1447 CONTIGUA 1,139,4,1,3,4,6,110,1,1,1,0,6,0
1448 BASICA 1,153,10,8,6,3,9,115,0,3,3,1,4,1
1449 BASICA 1,218,14,5,1,5,5,152,2,2,1,4,1,0
1449 CONTIGUA 1,252,6,2,2,5,6,139,1,1,2,4,6,0
1450 BASICA 1,187,2,2,0,3,1,163,5,1,0,4,5,0
1450 CONTIGUA 1,183,1,1,2,7,4,164,6,2,3,4,8,0
1451 BASICA 1,131,0,4,1,10,9,157,2,2,1,2,3,1
1451 CONTIGUA 1,143,1,2,0,5,9,133,1,1,1,3,1,0
1451 CONTIGUA 2,137,2,1,0,7,8,159,0,2,1,3,4,0
1452 BASICA 1,189,5,0,7,7,7,159,0,2,0,3,10,0
1452 CONTIGUA 1,198,5,3,16,19,1,166,1,5,1,4,4,0
1453 BASICA 1,143,0,5,1,2,3,100,2,3,1,2,5,0
1453 CONTIGUA 1,151,4,2,5,4,5,117,2,1,1,1,8,0
1453 CONTIGUA 2,144,3,2,2,7,6,119,3,0,1,2,1,1
1454 BASICA 1,102,7,1,1,4,1,94,0,3,5,2,5,1
1454 CONTIGUA 1,102,7,2,2,6,5,95,2,5,2,3,5,1
1455 BASICA 1,127,4,3,0,7,4,70,4,1,1,0,7,0
1455 CONTIGUA 1,120,2,1,0,2,3,81,4,0,0,1,4,0
1456 BASICA 1,122,9,3,4,5,5,94,6,6,1,0,4,0
1456 CONTIGUA 1,127,12,4,0,8,1,96,2,4,0,3,7,0
1457 BASICA 1,103,5,0,0,4,6,103,12,3,1,0,1,0
1457 CONTIGUA 1,112,1,0,0,2,1,99,2,1,0,2,1,0
1458 BASICA 1,153,2,1,3,2,4,93,3,4,0,2,4,0
1458 CONTIGUA 1,142,5,1,2,2,2,95,1,1,0,4,2,0
1459 BASICA 1,144,6,1,4,4,2,92,6,2,0,3,2,0
1459 CONTIGUA 1,133,3,2,2,2,8,105,4,4,1,0,4,0
1460 BASICA 1,134,6,1,2,7,8,137,3,2,0,0,9,1
1460 CONTIGUA 1,121,7,4,5,5,6,138,3,2,1,4,4,0
1461 BASICA 1,140,3,2,6,10,4,101,6,4,1,0,5,1
1461 CONTIGUA 1,159,9,2,4,5,4,110,4,2,0,4,6,1
1462 BASICA 1,148,7,1,3,7,3,121,2,2,3,0,5,0
1462 CONTIGUA 1,151,4,0,1,3,3,136,2,3,1,1,6,0
1463 BASICA 1,145,9,1,3,2,5,154,3,5,0,4,2,0
1463 CONTIGUA 1,190,7,0,2,9,2,144,1,4,1,3,1,0
1464 BASICA 1,159,6,1,4,6,5,125,1,2,3,6,3,0
1464 CONTIGUA 1,143,2,2,2,3,1,131,3,2,2,4,6,0
1465 BASICA 1,144,5,1,2,4,4,87,0,1,1,2,3,0
1465 CONTIGUA 1,152,6,0,3,4,3,86,0,3,0,1,5,1
1466 BASICA 1,149,7,0,1,4,5,144,2,2,1,0,6,0
1466 CONTIGUA 1,143,7,1,3,4,2,129,6,0,1,0,7,0
1467 BASICA 1,118,1,1,3,8,6,128,4,1,1,0,7,0
1468 BASICA 1,172,8,1,2,6,7,118,0,2,1,1,8,1
1469 BASICA 1,111,5,5,4,1,16,110,0,4,3,1,1,0
1469 ESPECIAL 1,49,2,0,0,2,5,59,3,2,1,0,4,0
1470 BASICA 1,124,3,1,2,4,5,90,3,2,0,3,2,0
1471 BASICA 1,169,9,0,1,3,6,161,1,4,0,4,2,0
1471 CONTIGUA 1,167,9,4,3,5,2,139,4,3,2,2,4,0
1472 BASICA 1,110,1,0,2,5,4,85,3,1,1,0,4,0
1472 CONTIGUA 1,102,1,2,3,1,3,90,1,2,0,3,4,0
1473 BASICA 1,216,11,2,1,8,9,152,2,1,3,1,9,0
1473 CONTIGUA 1,188,6,2,0,8,4,165,4,1,5,0,3,0
1474 BASICA 1,100,4,1,2,10,7,90,2,0,1,1,5,0
1474 CONTIGUA 1,117,3,2,1,6,5,90,3,2,1,0,3,0
1475 BASICA 1,104,5,0,0,1,3,86,3,2,1,0,4,0
1475 CONTIGUA 1,103,4,0,3,5,3,95,1,3,2,0,6,0
1476 BASICA 1,82,2,0,1,2,1,51,6,0,2,0,8,0
1477 BASICA 1,143,2,2,2,4,2,92,0,2,1,2,11,0
1477 CONTIGUA 1,131,3,1,1,4,7,106,3,0,2,2,8,1
1477 CONTIGUA 2,138,6,1,3,13,7,98,0,2,0,4,5,0
1478 BASICA 1,174,4,1,0,7,6,197,1,2,0,1,7,5
1479 BASICA 1,150,2,2,0,4,5,127,1,1,1,1,5,3
1479 CONTIGUA 1,159,3,1,3,8,4,108,0,1,1,0,3,0
1480 BASICA 1,102,2,1,0,5,1,65,4,1,0,1,2,0
1480 CONTIGUA 1,117,4,1,0,2,5,76,1,3,0,2,3,0
1481 BASICA 1,109,3,4,2,4,5,88,1,4,1,0,4,0
1481 CONTIGUA 1,102,8,0,3,2,6,75,1,3,2,0,3,0
1482 BASICA 1,210,3,0,2,9,4,117,5,4,2,1,5,0
1483 BASICA 1,105,1,0,2,5,2,78,0,3,1,0,4,0
1483 CONTIGUA 1,79,2,2,1,9,5,82,0,4,0,3,5,0
1484 BASICA 1,163,8,0,1,4,2,96,1,2,2,4,5,0
1485 BASICA 1,98,5,3,2,2,4,80,2,2,1,1,5,0
1486 BASICA 1,188,3,1,3,5,3,136,2,6,0,2,6,0
1487 BASICA 1,137,1,1,2,1,8,137,4,0,1,1,2,0
1487 CONTIGUA 1,161,4,0,2,1,4,105,1,2,0,2,6,0
1488 BASICA 1,180,5,2,3,7,9,168,5,3,1,3,6,0
1488 CONTIGUA 1,193,10,2,5,4,5,165,3,3,1,1,5,1
1489 BASICA 1,173,6,2,5,9,6,147,3,2,2,7,4,0
1490 BASICA 1,64,4,1,1,4,3,64,2,2,0,0,2,0
1491 BASICA 1,89,7,0,0,4,3,75,1,2,0,0,2,0
1492 BASICA 1,81,0,1,2,5,2,150,1,0,0,2,3,0
1493 BASICA 1,129,5,2,2,5,3,119,3,1,2,3,5,0
1494 BASICA 1,140,4,2,4,4,1,115,3,3,3,7,2,0
1495 BASICA 1,108,9,2,2,5,3,131,4,2,0,2,7,0
1496 BASICA 1,137,8,4,2,3,6,150,3,9,0,0,7,0
